Time,Holding
1987 Q1,4971
1987 Q2,5267
1987 Q3,5359
1987 Q4,4901
1988 Q1,4602
1988 Q2,4857
1988 Q3,4451
1988 Q4,4314
1989 Q1,4326
1989 Q2,4550
1989 Q3,4292
1989 Q4,4722
1990 Q1,4265
1990 Q2,3837
1990 Q3,4105
1990 Q4,3847
1991 Q1,3848
1991 Q2,4308
1991 Q3,3768
1991 Q4,3575
1992 Q1,3680
1992 Q2,3372
1992 Q3,3665
1992 Q4,4091
1993 Q1,4129
1993 Q2,4651
1993 Q3,4375
1993 Q4,4878
1994 Q1,4841
1994 Q2,4636
1994 Q3,4604
1994 Q4,4511
1995 Q1,4437
1995 Q2,4471
1995 Q3,4472
1995 Q4,4610
1996 Q1,4781
1996 Q2,4540
1996 Q3,4469
1996 Q4,4006
1997 Q1,3944
1997 Q2,3701
1997 Q3,3789
1997 Q4,3218
1998 Q1,3301
1998 Q2,3274
1998 Q3,3187
1998 Q4,3989
1999 Q1,3985
1999 Q2,3807
1999 Q3,3880
1999 Q4,3691
2000 Q1,3286
2000 Q2,3444
2000 Q3,3052
2000 Q4,2858
2001 Q1,2547
2001 Q2,2573
2001 Q3,2408
2001 Q4,2170
2002 Q1,2140
2002 Q2,2108
2002 Q3,2078
2002 Q4,2149
2003 Q1,2136
2003 Q2,2112
2003 Q3,2352
2003 Q4,2347
2004 Q1,2319
2004 Q2,2193
2004 Q3,2308
2004 Q4,2290
2005 Q1,2265
2005 Q2,2442
2005 Q3,2677
2005 Q4,2986
2006 Q1,3347
2006 Q2,3309
2006 Q3,3199
2006 Q4,3234
2007 Q1,3365
2007 Q2,3234
2007 Q3,3638
2007 Q4,4164
2008 Q1,4685
2008 Q2,4657
2008 Q3,4951
2008 Q4,5966
2009 Q1,6379
2009 Q2,5660
2009 Q3,6218
2009 Q4,6819
2010 Q1,7336
2010 Q2,8293
2010 Q3,8275
2010 Q4,9063
2011 Q1,8955
2011 Q2,9353
2011 Q3,10373
2011 Q4,9844
2012 Q1,10376
2012 Q2,10165
2012 Q3,10971
2012 Q4,10211
2013 Q1,10502
2013 Q2,7840
2013 Q3,8171
2013 Q4,7268
2014 Q1,7728
2014 Q2,7672
2014 Q3,7486
2014 Q4,7719
2015 Q1,7976
2015 Q2,7426
2015 Q3,7344
2015 Q4,7148
2016 Q1,8579
2016 Q2,9813
2016 Q3,10164
2016 Q4,9352
2017 Q1,9938
2017 Q2,9548
2017 Q3,9552
2017 Q4,9533
2018 Q1,9411
2018 Q2,9457
2018 Q3,9111
2018 Q4,10033
2019 Q1,9919
2019 Q2,11068
2019 Q3,11988
2019 Q4,11516
2020 Q1,12932
2020 Q2,14385
2020 Q3,14587
2020 Q4,13855
2021 Q1,12324
2021 Q2,12753
2021 Q3,13003
2021 Q4,13419
2022 Q1,14699
2022 Q2,14865
2022 Q3,14956
2022 Q4,15082
2023 Q1,15958
2023 Q2,15028
2023 Q3,15211
2023 Q4,16160
2024 Q1,17498
2024 Q2,18353
2024 Q3,19593
2024 Q4,20910
2025 Q1,24128
2025 Q2,23933
2025 Q3,28556
2025 Q4,32151
2026 Q1,34794
2026 Q2,30375
